Workbook
Name Slicer_booking_source1: #N/A
Name Slicer_room_type1: #N/A

Sheet data
A1: booking_id | B1: hotel_branch_city | C1: check_in_date | D1: check_out_date | E1: booking_date | F1: room_type | G1: room_rate_per_night | H1: num_adults | I1: num_children | J1: booking_source | K1: payment_method | L1: booking_status | M1: special_requests | N1: revenue_category | O1: Num_Nights | P1: Total_Guests | Q1: Revenue_Amount | R1: Revenue_Type | S1: Revenue_Per_Nights
A2: 1 | B2: Branch B | C2: 45139 | D2: 45142 | E2: 45093 | F2: Deluxe | G2: 237.97 | H2: 3 | I2: 0 | J2: Phone | K2: Credit Card | L2: Confirmed | M2: Yes | N2: Food & Beverage | O2: =Table2[[#This Row],[check_out_date]]-Table2[[#This Row],[check_in_date]] -> 3 | P2: =Table2[[#This Row],[num_adults]]+Table2[[#This Row],[num_children]] -> 3 | Q2: =IF(OR(Table2[[#This Row],[booking_status]]="confirmed",Table2[[#This Row],[booking_status]]="checked-out"),Table2[[#This Row],[room_rate_per_night]]*Table2[[#This Row],[Num_Nights]],0) -> 713.91 | R2: {=IFERROR(_xlfn.IFS(Table2[[#This Row],[booking_status]]="confirmed","Expected",Table2[[#This Row],[booking_status]]="checked-out","Actual"),"No Revenue")} -> Expected | S2: =Table2[[#This Row],[Revenue_Amount]]/Table2[[#This Row],[Num_Nights]] -> 237.97
A3: 2 | B3: Branch B | C3: 45130 | D3: 45135 | E3: 45091 | F3: Double | G3: 125.04 | H3: 3 | I3: 1 | J3: Website | K3: Bank Transfer | L3: Confirmed | M3: Yes | N3: Other | O3: =Table2[[#This Row],[check_out_date]]-Table2[[#This Row],[check_in_date]] -> 5 | P3: =Table2[[#This Row],[num_adults]]+Table2[[#This Row],[num_children]] -> 4 | Q3: =IF(OR(Table2[[#This Row],[booking_status]]="confirmed",Table2[[#This Row],[booking_status]]="checked-out"),Table2[[#This Row],[room_rate_per_night]]*Table2[[#This Row],[Num_Nights]],0) -> 625.2 | R3: {=IFERROR(_xlfn.IFS(Table2[[#This Row],[booking_status]]="confirmed","Expected",Table2[[#This Row],[booking_status]]="checked-out","Actual"),"No Revenue")} -> Expected | S3: =Table2[[#This Row],[Revenue_Amount]]/Table2[[#This Row],[Num_Nights]] -> 125.04
A4: 3 | B4: Branch C | C4: 45049 | D4: 45053 | E4: 45026 | F4: Double | G4: 155.38 | H4: 2 | I4: 0 | J4: OTA | K4: Bank Transfer | L4: Confirmed | M4: No | N4: Food & Beverage | O4: =Table2[[#This Row],[check_out_date]]-Table2[[#This Row],[check_in_date]] -> 4 | P4: =Table2[[#This Row],[num_adults]]+Table2[[#This Row],[num_children]] -> 2 | Q4: =IF(OR(Table2[[#This Row],[booking_status]]="confirmed",Table2[[#This Row],[booking_status]]="checked-out"),Table2[[#This Row],[room_rate_per_night]]*Table2[[#This Row],[Num_Nights]],0) -> 621.52 | R4: {=IFERROR(_xlfn.IFS(Table2[[#This Row],[booking_status]]="confirmed","Expected",Table2[[#This Row],[booking_status]]="checked-out","Actual"),"No Revenue")} -> Expected | S4: =Table2[[#This Row],[Revenue_Amount]]/Table2[[#This Row],[Num_Nights]] -> 155.38
A5: 4 | B5: Branch A | C5: 45272 | D5: 45279 | E5: 45238 | F5: Deluxe | G5: 288.07 | H5: 4 | I5: 2 | J5: OTA | K5: Bank Transfer | L5: Confirmed | M5: No | N5: Accommodation | O5: =Table2[[#This Row],[check_out_date]]-Table2[[#This Row],[check_in_date]] -> 7 | P5: =Table2[[#This Row],[num_adults]]+Table2[[#This Row],[num_children]] -> 6 | Q5: =IF(OR(Table2[[#This Row],[booking_status]]="confirmed",Table2[[#This Row],[booking_status]]="checked-out"),Table2[[#This Row],[room_rate_per_night]]*Table2[[#This Row],[Num_Nights]],0) -> 2016.49 | R5: {=IFERROR(_xlfn.IFS(Table2[[#This Row],[booking_status]]="confirmed","Expected",Table2[[#This Row],[booking_status]]="checked-out","Actual"),"No Revenue")} -> Expected | S5: =Table2[[#This Row],[Revenue_Amount]]/Table2[[#This Row],[Num_Nights]] -> 288.07
A6: 5 | B6: Branch A | C6: 45053 | D6: 45060 | E6: 45012 | F6: Double | G6: 132.71 | H6: 2 | I6: 0 | J6: Phone | K6: UPI | L6: Confirmed | M6: No | N6: Spa Services | O6: =Table2[[#This Row],[check_out_date]]-Table2[[#This Row],[check_in_date]] -> 7 | P6: =Table2[[#This Row],[num_adults]]+Table2[[#This Row],[num_children]] -> 2 | Q6: =IF(OR(Table2[[#This Row],[booking_status]]="confirmed",Table2[[#This Row],[booking_status]]="checked-out"),Table2[[#This Row],[room_rate_per_night]]*Table2[[#This Row],[Num_Nights]],0) -> 928.97 | R6: {=IFERROR(_xlfn.IFS(Table2[[#This Row],[booking_status]]="confirmed","Expected",Table2[[#This Row],[booking_status]]="checked-out","Actual"),"No Revenue")} -> Expected | S6: =Table2[[#This Row],[Revenue_Amount]]/Table2[[#This Row],[Num_Nights]] -> 132.71
A7: 6 | B7: Branch C | C7: 44953 | D7: 44957 | E7: 44948 | F7: Single | G7: 111.53 | H7: 2 | I7: 1 | J7: Website | K7: Bank Transfer | L7: Confirmed | M7: No | N7: Accommodation | O7: =Table2[[#This Row],[check_out_date]]-Table2[[#This Row],[check_in_date]] -> 4 | P7: =Table2[[#This Row],[num_adults]]+Table2[[#This Row],[num_children]] -> 3 | Q7: =IF(OR(Table2[[#This Row],[booking_status]]="confirmed",Table2[[#This Row],[booking_status]]="checked-out"),Table2[[#This Row],[room_rate_per_night]]*Table2[[#This Row],[Num_Nights]],0) -> 446.12 | R7: {=IFERROR(_xlfn.IFS(Table2[[#This Row],[booking_status]]="confirmed","Expected",Table2[[#This Row],[booking_status]]="checked-out","Actual"),"No Revenue")} -> Expected | S7: =Table2[[#This Row],[Revenue_Amount]]/Table2[[#This Row],[Num_Nights]] -> 111.53
A8: 7 | B8: Branch D | C8: 45024 | D8: 45029 | E8: 44977 | F8: Suite | G8: 444.42 | H8: 1 | I8: 3 | J8: Walk-in | K8: Credit Card | L8: Checked-out | M8: No | N8: Accommodation | O8: =Table2[[#This Row],[check_out_date]]-Table2[[#This Row],[check_in_date]] -> 5 | P8: =Table2[[#This Row],[num_adults]]+Table2[[#This Row],[num_children]] -> 4 | Q8: =IF(OR(Table2[[#This Row],[booking_status]]="confirmed",Table2[[#This Row],[booking_status]]="checked-out"),Table2[[#This Row],[room_rate_per_night]]*Table2[[#This Row],[Num_Nights]],0) -> 2222.1 | R8: {=IFERROR(_xlfn.IFS(Table2[[#This Row],[booking_status]]="confirmed","Expected",Table2[[#This Row],[booking_status]]="checked-out","Actual"),"No Revenue")} -> Actual | S8: =Table2[[#This Row],[Revenue_Amount]]/Table2[[#This Row],[Num_Nights]] -> 444.42
A9: 8 | B9: Branch D | C9: 44979 | D9: 44981 | E9: 44954 | F9: Double | G9: 184.76 | H9: 1 | I9: 0 | J9: OTA | K9: Credit Card | L9: Cancelled | M9: No | N9: Accommodation | O9: =Table2[[#This Row],[check_out_date]]-Table2[[#This Row],[check_in_date]] -> 2 | P9: =Table2[[#This Row],[num_adults]]+Table2[[#This Row],[num_children]] -> 1 | Q9: =IF(OR(Table2[[#This Row],[booking_status]]="confirmed",Table2[[#This Row],[booking_status]]="checked-out"),Table2[[#This Row],[room_rate_per_night]]*Table2[[#This Row],[Num_Nights]],0) -> 0 | R9: {=IFERROR(_xlfn.IFS(Table2[[#This Row],[booking_status]]="confirmed","Expected",Table2[[#This Row],[booking_status]]="checked-out","Actual"),"No Revenue")} -> No Revenue | S9: =Table2[[#This Row],[Revenue_Amount]]/Table2[[#This Row],[Num_Nights]] -> 0
A10: 9 | B10: Branch A | C10: 45142 | D10: 45145 | E10: 45124 | F10: Suite | G10: 519.16 | H10: 1 | I10: 0 | J10: Website | K10: Credit Card | L10: Checked-out | M10: No | N10: Food & Beverage | O10: =Table2[[#This Row],[check_out_date]]-Table2[[#This Row],[check_in_date]] -> 3 | P10: =Table2[[#This Row],[num_adults]]+Table2[[#This Row],[num_children]] -> 1 | Q10: =IF(OR(Table2[[#This Row],[booking_status]]="confirmed",Table2[[#This Row],[booking_status]]="checked-out"),Table2[[#This Row],[room_rate_per_night]]*Table2[[#This Row],[Num_Nights]],0) -> 1557.48 | R10: {=IFERROR(_xlfn.IFS(Table2[[#This Row],[booking_status]]="confirmed","Expected",Table2[[#This Row],[booking_status]]="checked-out","Actual"),"No Revenue")} -> Actual | S10: =Table2[[#This Row],[Revenue_Amount]]/Table2[[#This Row],[Num_Nights]] -> 519.16
A11: 10 | B11: Branch A | C11: 45143 | D11: 45146 | E11: 45121 | F11: Double | G11: 165.57 | H11: 1 | I11: 0 | J11: OTA | K11: Cash | L11: Confirmed | M11: Yes | N11: Food & Beverage | O11: =Table2[[#This Row],[check_out_date]]-Table2[[#This Row],[check_in_date]] -> 3 | P11: =Table2[[#This Row],[num_adults]]+Table2[[#This Row],[num_children]] -> 1 | Q11: =IF(OR(Table2[[#This Row],[booking_status]]="confirmed",Table2[[#This Row],[booking_status]]="checked-out"),Table2[[#This Row],[room_rate_per_night]]*Table2[[#This Row],[Num_Nights]],0) -> 496.71 | R11: {=IFERROR(_xlfn.IFS(Table2[[#This Row],[booking_status]]="confirmed","Expected",Table2[[#This Row],[booking_status]]="checked-out","Actual"),"No Revenue")} -> Expected | S11: =Table2[[#This Row],[Revenue_Amount]]/Table2[[#This Row],[Num_Nights]] -> 165.57
A12: 11 | B12: Branch B | C12: 44950 | D12: 44952 | E12: 44921 | F12: Single | G12: 93.27 | H12: 2 | I12: 0 | J12: OTA | K12: Bank Transfer | L12: No-show | M12: No | N12: Spa Services | O12: =Table2[[#This Row],[check_out_date]]-Table2[[#This Row],[check_in_date]] -> 2 | P12: =Table2[[#This Row],[num_adults]]+Table2[[#This Row],[num_children]] -> 2 | Q12: =IF(OR(Table2[[#This Row],[booking_status]]="confirmed",Table2[[#This Row],[booking_status]]="checked-out"),Table2[[#This Row],[room_rate_per_night]]*Table2[[#This Row],[Num_Nights]],0) -> 0 | R12: {=IFERROR(_xlfn.IFS(Table2[[#This Row],[booking_status]]="confirmed","Expected",Table2[[#This Row],[booking_status]]="checked-out","Actual"),"No Revenue")} -> No Revenue | S12: =Table2[[#This Row],[Revenue_Amount]]/Table2[[#This Row],[Num_Nights]] -> 0
A13: 12 | B13: Branch C | C13: 45192 | D13: 45205 | E13: 45173 | F13: Double | G13: 131.92 | H13: 1 | I13: 0 | J13: Website | K13: UPI | L13: Cancelled | M13: No | N13: Accommodation | O13: =Table2[[#This Row],[check_out_date]]-Table2[[#This Row],[check_in_date]] -> 13 | P13: =Table2[[#This Row],[num_adults]]+Table2[[#This Row],[num_children]] -> 1 | Q13: =IF(OR(Table2[[#This Row],[booking_status]]="confirmed",Table2[[#This Row],[booking_status]]="checked-out"),Table2[[#This Row],[room_rate_per_night]]*Table2[[#This Row],[Num_Nights]],0) -> 0 | R13: {=IFERROR(_xlfn.IFS(Table2[[#This Row],[booking_status]]="confirmed","Expected",Table2[[#This Row],[booking_status]]="checked-out","Actual"),"No Revenue")} -> No Revenue | S13: =Table2[[#This Row],[Revenue_Amount]]/Table2[[#This Row],[Num_Nights]] -> 0
... A7001: 7000 | B7001: Branch B | C7001: 45164 | D7001: 45170 | E7001: 45155 | F7001: Deluxe | G7001: 224.66 | H7001: 2 | I7001: 1 | J7001: Walk-in | K7001: Debit Card | L7001: Confirmed | M7001: No | N7001: Accommodation | O7001: =Table2[[#This Row],[check_out_date]]-Table2[[#This Row],[check_in_date]] -> 6 | P7001: =Table2[[#This Row],[num_adults]]+Table2[[#This Row],[num_children]] -> 3 | Q7001: =IF(OR(Table2[[#This Row],[booking_status]]="confirmed",Table2[[#This Row],[booking_status]]="checked-out"),Table2[[#This Row],[room_rate_per_night]]*Table2[[#This Row],[Num_Nights]],0) -> 1347.96 | R7001: {=IFERROR(_xlfn.IFS(Table2[[#This Row],[booking_status]]="confirmed","Expected",Table2[[#This Row],[booking_status]]="checked-out","Actual"),"No Revenue")} -> Expected | S7001: =Table2[[#This Row],[Revenue_Amount]]/Table2[[#This Row],[Num_Nights]] -> 224.66

Sheet KPI
A2: Overall booking KPIs
A4: Total Bookings | B4: =COUNT(Table2[booking_id]) -> 7000
B6: Completed (Actual) | D6: Pending (Expected) | F6: Lost (No Revenue)
A7: Completed Bookings | B7: =COUNTIF(Table2[Revenue_Type],"Actual") -> 1724 | D7: =COUNTIF(Table2[Revenue_Type],"Expected") -> 3866 | F7: =COUNTIF(Table2[Revenue_Type],"no revenue") -> 1410
A10: Cancellation Rate | B10: =COUNTIF(Table2[booking_status],"cancelled")/COUNT(Table2[booking_id]) -> 0.14971429
A13: No-show Rate | B13: =COUNTIF(Table2[booking_status],"no-show")/COUNT(Table2[booking_id]) -> 0.051714286
A15: Revenue KPIs
A17: Actual Revenue | B17: =SUMIF(Table2[Revenue_Type],"actual",Table2[Revenue_Amount]) -> 1832157.1
A20: Expected Revenue | B20: =SUMIF(Table2[Revenue_Type],"expected",Table2[Revenue_Amount]) -> 4016540.6
A23: Average Revenue per Completed Booking | B23: =SUMIF(Table2[Revenue_Type],"actual",Table2[Revenue_Amount])/COUNTIF(Table2[Revenue_Type],"Actual") -> 1062.7361
A26: Average Revenue per Nights | B26: =SUMIF(Table2[Revenue_Type],"Actual",Table2[Revenue_Amount])/SUMIF(Table2[Revenue_Type],"Actual",Table2[Num_Nights]) -> 195.34674
A29: Average Length of Stay | B29: =SUMIFS(Table2[Num_Nights],Table2[booking_status],"checked-out")/COUNTIF(Table2[booking_status],"checked-out") -> 5.4402552
A32: Booking Loss Rate | B32: =B10+B13 -> 0.20142857

Sheet Pivot_Table
A2: Row Labels | B2: Count of Revenue_Type | D2: Sum of Revenue_Amount | E2: Column Labels | I2: Row Labels | J2: Sum of Revenue_Amount
A3: Actual | B3: 1724 | D3: Row Labels | E3: Actual | F3: Expected | G3: Grand Total | I3: Branch D | J3: 1802652.1
A4: Expected | B4: 3866 | D4: Branch A | E4: 427987.09 | F4: 1024294.5 | G4: 1452281.6 | I4: Branch A | J4: 1452281.6
A5: No Revenue | B5: 1410 | D5: Branch B | E5: 441340.94 | F5: 921748.03 | G5: 1363089 | I5: Branch B | J5: 1363089
A6: Grand Total | B6: 7000 | D6: Branch C | E6: 400384.32 | F6: 830290.73 | G6: 1230675.1 | I6: Branch C | J6: 1230675
D7: Branch D | E7: 562444.74 | F7: 1240207.3 | G7: 1802652.1 | I7: Grand Total | J7: 5848697.7
D8: Grand Total | E8: 1832157.1 | F8: 4016540.6 | G8: 5848697.7
A13: Row Labels | B13: Count of Revenue_Type | D13: Row Labels | E13: Sum of Revenue_Amount | G13: Sum of Revenue_Amount | H13: Column Labels
A14: OTA | B14: 1730 | D14: OTA | E14: 1466807.4 | G14: Row Labels | H14: Actual | I14: Expected | J14: Grand Total
A15: Phone | B15: 1043 | D15: Phone | E15: 875935.35 | G15: Deluxe | H15: 416044.96 | I15: 937737.04 | J15: 1353782
A16: Travel Agent | B16: 758 | D16: Travel Agent | E16: 634950.23 | G16: Double | H16: 427933.09 | I16: 1006907.3 | J16: 1434840.4
A17: Walk-in | B17: 1069 | D17: Walk-in | E17: 849959.39 | G17: Single | H17: 339526.57 | I17: 811481.91 | J17: 1151008.5
A18: Website | B18: 2400 | D18: Website | E18: 2021045.4 | G18: Suite | H18: 648652.47 | I18: 1260414.3 | J18: 1909066.8
A19: Grand Total | B19: 7000 | D19: Grand Total | E19: 5848697.7 | G19: Grand Total | H19: 1832157.1 | I19: 4016540.6 | J19: 5848697.7
D23: Row Labels | E23: Count of booking_id | F23: Sum of Revenue_Amount | G23: Sum of Num_Nights | I23: Sum of Revenue_Amount | J23: Column Labels
D24: Cancelled | E24: 1048 | F24: 0 | G24: 5595 | I24: Row Labels | J24: Actual | K24: Expected | L24: No Revenue | M24: Grand Total
D25: Checked-out | E25: 1724 | F25: 1832157.1 | G25: 9379 | I25: Jan | J25: 204342.6 | K25: 483594.46 | L25: 0 | M25: 687937.06
D26: Confirmed | E26: 3866 | F26: 4016540.6 | G26: 21254 | I26: Feb | J26: 123947.53 | K26: 252216.15 | L26: 0 | M26: 376163.68
D27: No-show | E27: 362 | F27: 0 | G27: 1984 | I27: Mar | J27: 131398.96 | K27: 232659.77 | L27: 0 | M27: 364058.73
D28: Grand Total | E28: 7000 | F28: 5848697.7 | G28: 38212 | I28: Apr | J28: 107795.85 | K28: 282788.23 | L28: 0 | M28: 390584.08
I29: May | J29: 189575.36 | K29: 399568.62 | L29: 0 | M29: 589143.98
I30: Jun | J30: 190138.34 | K30: 411126.2 | L30: 0 | M30: 601264.54
I31: Jul | J31: 125645.26 | K31: 286774.07 | L31: 0 | M31: 412419.33
I32: Aug | J32: 164278.68 | K32: 280934.76 | L32: 0 | M32: 445213.44
I33: Sep | J33: 107976.31 | K33: 262299.17 | L33: 0 | M33: 370275.48
I34: Oct | J34: 134535.68 | K34: 259055.34 | L34: 0 | M34: 393591.02
I35: Nov | J35: 142845.99 | K35: 327392.05 | L35: 0 | M35: 470238.04
I36: Dec | J36: 209676.53 | K36: 538131.79 | L36: 0 | M36: 747808.32
I37: Grand Total | J37: 1832157.1 | K37: 4016540.6 | L37: 0 | M37: 5848697.7

Sheet Dashboard
B2: Hotel Booking & Revenue Dashboard
B3: Bookings, revenue and channel performance across 4 branches | I3: ="Check-ins "&TEXT(MIN(Table2[check_in_date]),"mmm yyyy")&" – "&TEXT(MAX(Table2[check_in_date]),"mmm yyyy") -> Check-ins Jan 2023 – Dec 2023
B6: TOTAL BOOKINGS | D6: REALIZED REVENUE | F6: PENDING REVENUE | H6: BOOKING LOSS RATE | J6: AVG LENGTH OF STAY | L6: TOP REVENUE BRANCH | N6: Key Insights 69% of revenue is still pending Only $1.83M of the $5.85M booked revenue is realized. $4.02M sits in confirmed stays, so converting these on time is the biggest lever. Branch D leads, Branch C trails Branch D earns $1.80M (31% of revenue) at a $226 average room rate; Branch C brings $1.23M (21%) at $162, a $64 gap per night. Suites: 16% of bookings, 33% of revenue Suites bring $1.91M from just 1,098 bookings, 1.7x the $1.15M Singles earn from 2,430. Upselling to premium rooms beats chasing volume. Website is the #1 channel Website delivers 2,400 bookings and $2.02M (35% of revenue), ahead of OTA at $1.47M (25%). Travel agents add only 11%. Revenue peaks in December and January Together they bring about 25% of annual revenue (Dec $748K, Jan $688K). March is the low at $364K; Q4 is the strongest quarter, Q3 the weakest. 1 in 5 bookings is lost 1,410 bookings (20.1%) were cancelled or no-shows, roughly $1.48M of room revenue. Branch A has the highest loss rate at 22.0%.
B7: =KPI!B4 -> 7000 | D7: =KPI!B17 -> 1832157.1 | F7: =KPI!B20 -> 4016540.6 | H7: =KPI!B32 -> 0.20142857 | J7: =KPI!B29 -> 5.4402552 | L7: =Pivot_Table!I3 -> Branch D
B8: 4 branches · 5 booking channels | D8: =TEXT(KPI!B7,"#,##0")&" checked-out stays" -> 1,724 checked-out stays | F8: =TEXT(KPI!D7,"#,##0")&" confirmed stays" -> 3,866 confirmed stays | H8: =TEXT(KPI!B10,"0.0%")&" cancelled · "&TEXT(KPI!B13,"0.0%")&" no-show" -> 15.0% cancelled · 5.2% no-show | J8: ="Avg revenue per night "&TEXT(KPI!B26,"$#,##0") -> Avg revenue per night $195 | L8: =TEXT(Pivot_Table!J3,"$#,##0")&" total revenue" -> $1,802,652 total revenue
B16: KPI cards and insights reflect the full dataset (7,000 bookings, Jan–Dec 2023 check-ins). Charts respond to the slicers.

Sheet Sheet1

Sheet raw_data
A1: booking_id | B1: hotel_branch_city | C1: check_in_date | D1: check_out_date | E1: booking_date | F1: room_type | G1: room_rate_per_night | H1: num_adults | I1: num_children | J1: booking_source | K1: payment_method | L1: booking_status | M1: special_requests | N1: revenue_category
A2: 1 | B2: Branch B | C2: 8/1/2023 | D2: 8/4/2023 | E2: 6/16/2023 | F2: Deluxe | G2: 237.97 | H2: 3 | I2: 0 | J2: Phone | K2: Credit Card | L2: Confirmed | M2: Yes | N2: Food & Beverage
A3: 2 | B3: Branch B | C3: 7/23/2023 | D3: 7/28/2023 | E3: 6/14/2023 | F3: Double | G3: 125.04 | H3: 3 | I3: 1 | J3: Website | K3: Bank Transfer | L3: Confirmed | M3: Yes | N3: Other
A4: 3 | B4: Branch C | C4: 5/3/2023 | D4: 5/7/2023 | E4: 4/10/2023 | F4: Double | G4: 155.38 | H4: 2 | I4: 0 | J4: OTA | K4: Bank Transfer | L4: Confirmed | M4: No | N4: Food & Beverage
A5: 4 | B5: Branch A | C5: 12/12/2023 | D5: 12/19/2023 | E5: 11/8/2023 | F5: Deluxe | G5: 288.07 | H5: 4 | I5: 2 | J5: OTA | K5: Bank Transfer | L5: Confirmed | M5: No | N5: Accommodation
A6: 5 | B6: Branch A | C6: 5/7/2023 | D6: 5/14/2023 | E6: 3/27/2023 | F6: Double | G6: 132.71 | H6: 2 | I6: 0 | J6: Phone | K6: UPI | L6: Confirmed | M6: No | N6: Spa Services
A7: 6 | B7: Branch C | C7: 1/27/2023 | D7: 1/31/2023 | E7: 1/22/2023 | F7: Single | G7: 111.53 | H7: 2 | I7: 1 | J7: Website | K7: Bank Transfer | L7: Confirmed | M7: No | N7: Accommodation
A8: 7 | B8: Branch D | C8: 4/8/2023 | D8: 4/13/2023 | E8: 2/20/2023 | F8: Suite | G8: 444.42 | H8: 1 | I8: 3 | J8: Walk-in | K8: Credit Card | L8: Checked-out | M8: No | N8: Accommodation
A9: 8 | B9: Branch D | C9: 2/22/2023 | D9: 2/24/2023 | E9: 1/28/2023 | F9: Double | G9: 184.76 | H9: 1 | I9: 0 | J9: OTA | K9: Credit Card | L9: Cancelled | M9: No | N9: Accommodation
A10: 9 | B10: Branch A | C10: 8/4/2023 | D10: 8/7/2023 | E10: 7/17/2023 | F10: Suite | G10: 519.16 | H10: 1 | I10: 0 | J10: Website | K10: Credit Card | L10: Checked-out | M10: No | N10: Food & Beverage
A11: 10 | B11: Branch A | C11: 8/5/2023 | D11: 8/8/2023 | E11: 7/14/2023 | F11: Double | G11: 165.57 | H11: 1 | I11: 0 | J11: OTA | K11: Cash | L11: Confirmed | M11: Yes | N11: Food & Beverage
A12: 11 | B12: Branch B | C12: 1/24/2023 | D12: 1/26/2023 | E12: 12/26/2022 | F12: Single | G12: 93.27 | H12: 2 | I12: 0 | J12: OTA | K12: Bank Transfer | L12: No-show | M12: No | N12: Spa Services
A13: 12 | B13: Branch C | C13: 9/23/2023 | D13: 10/6/2023 | E13: 9/4/2023 | F13: Double | G13: 131.92 | H13: 1 | I13: 0 | J13: Website | K13: UPI | L13: Cancelled | M13: No | N13: Accommodation
... A7001: 7000 | B7001: Branch B | C7001: 8/26/2023 | D7001: 9/1/2023 | E7001: 8/17/2023 | F7001: Deluxe | G7001: 224.66 | H7001: 2 | I7001: 1 | J7001: Walk-in | K7001: Debit Card | L7001: Confirmed | M7001: No | N7001: Accommodation
